{
    "__collections__": {
        "admin": {
            "admin": {
                "password": "123456",
                "email": "admin@parkeasy.com",
                "Name": "ParkEasy",
                "isDemo": true,
                "__collections__": {}
            }
        },
        "book_parking_order": {
            "2e5189a7-8162-43ba-b9b1-bba6af3fad40": {
                "paymentCompleted": true,
                "coupon": {
                    "minAmount": null,
                    "amount": null,
                    "code": null,
                    "isFix": null,
                    "active": null,
                    "id": null,
                    "isPrivate": null,
                    "title": null,
                    "expireAt": null
                },
                "parkingId": "4d754dd8-fbfb-4c02-ba1a-a7e85a4e0461",
                "bookingStartTime": {
                    "__datatype__": "timestamp",
                    "value": {
                        "_seconds": 1696433520,
                        "_nanoseconds": 0
                    }
                },
                "subTotal": "112.0",
                "numberPlate": "Gh",
                "adminCommission": {
                    "isFix": false,
                    "active": true,
                    "value": "20"
                },
                "bookingEndTime": {
                    "__datatype__": "timestamp",
                    "value": {
                        "_seconds": 1696458720,
                        "_nanoseconds": 0
                    }
                },
                "paymentType": "strip",
                "duration": "7",
                "taxList": [
                    {
                        "country": "India",
                        "isFix": false,
                        "name": "CGST",
                        "active": true,
                        "id": "ShCm25BFAnmzmVwNI49W",
                        "value": "5"
                    },
                    {
                        "country": "India",
                        "isFix": false,
                        "name": "SGST",
                        "active": true,
                        "id": "exgmyJGFjlScNtDB85vS",
                        "value": "5"
                    }
                ],
                "createdAt": {
                    "__datatype__": "timestamp",
                    "value": {
                        "_seconds": 1696433805,
                        "_nanoseconds": 337026000
                    }
                },
                "checkIn": null,
                "customerId": "4nToQ4UX8hO3MJacKpveBeSx15p2",
                "bookingDate": {
                    "__datatype__": "timestamp",
                    "value": {
                        "_seconds": 1696357800,
                        "_nanoseconds": 0
                    }
                },
                "id": "2e5189a7-8162-43ba-b9b1-bba6af3fad40",
                "parkingDetails": {
                    "likedUser": [],
                    "images": [
                        "https://firebasestorage.googleapis.com/v0/b/parkeasy-59364.appspot.com/o/parkingImages%2FZmPcXSE2iBhKPHSwcDijiR9PcG03%2F20231001_171620.jpg?alt=media&token=a0d19fd5-fa25-4bdf-9095-1870e4618b52"
                    ],
                    "parkingType": "2",
                    "address": "A/8,Aditya Complex,, Opp Aashtha Square,Near Kapodra-Utran Bridge,, Utran, Uttran, Surat, Gujarat 394105, India",
                    "description": "",
                    "active": true,
                    "ownerId": "ZmPcXSE2iBhKPHSwcDijiR9PcG03",
                    "parkingName": "SMC Pay & Park",
                    "parkingSpace": "50",
                    "perHrRate": "16",
                    "reviewSum": "0.0",
                    "phoneNumber": "7069585858",
                    "reviewCount": "0.0",
                    "countryCode": "+91",
                    "startTime": "3:00 PM",
                    "location": {
                        "latitude": 21.228591959261124,
                        "longitude": 72.866235896945
                    },
                    "id": "4d754dd8-fbfb-4c02-ba1a-a7e85a4e0461",
                    "endTime": "8:00 PM",
                    "position": {
                        "geohash": "tegbf0e9d",
                        "geopoint": {
                            "__datatype__": "geopoint",
                            "value": {
                                "_latitude": 21.228591959261124,
                                "_longitude": 72.866235896945
                            }
                        }
                    },
                    "facilities": [
                        {
                            "image": "https://firebasestorage.googleapis.com/v0/b/parkeasy-59364.appspot.com/o/facilities%2Fhttps%3A%2Ffirebasestorage.googleapis.com%2Fv0%2Fb%2Fparkeasy-59364.appspot.com%2Fo%2Ffacilities%252FVector%2520(2).png%3Falt%3Dmedia%26token%3Dfe5ce716-1657-4c60-948d-6d5957bfd164?alt=media&token=da49f3f7-3f4d-4c7f-a1e3-95fddb03fc0a",
                            "name": "Security Guard",
                            "active": true,
                            "id": "0XmB7RBTTBHgRv2vZ0tA"
                        },
                        {
                            "image": "https://firebasestorage.googleapis.com/v0/b/parkeasy-59364.appspot.com/o/facilities%2FLightning.png?alt=media&token=a22d6032-510d-4f6a-8904-2a9ee77eed35",
                            "name": "EV Charging",
                            "active": true,
                            "id": "NK9tv9lVfskEKiftWXzN"
                        },
                        {
                            "image": "https://firebasestorage.googleapis.com/v0/b/parkeasy-59364.appspot.com/o/facilities%2FVector%20(2).png?alt=media&token=e1728a6d-adda-4d01-ab35-916e5e2313bc",
                            "name": "Rooftop",
                            "active": true,
                            "id": "k5VOJJ2jRxWTswzLUUwx"
                        }
                    ]
                },
                "checkOut": null,
                "status": "placed",
                "__collections__": {}
            },
            "2f901c0c-2d01-4e6b-aad3-6b06f1996e7e": {
                "paymentCompleted": true,
                "coupon": {
                    "minAmount": null,
                    "amount": null,
                    "code": null,
                    "isFix": null,
                    "active": null,
                    "id": null,
                    "isPrivate": null,
                    "title": null,
                    "expireAt": null
                },
                "parkingId": "4d754dd8-fbfb-4c02-ba1a-a7e85a4e0461",
                "bookingStartTime": {
                    "__datatype__": "timestamp",
                    "value": {
                        "_seconds": 1696414800,
                        "_nanoseconds": 0
                    }
                },
                "subTotal": "96.0",
                "numberPlate": "GJ05",
                "adminCommission": {
                    "isFix": false,
                    "active": true,
                    "value": "20"
                },
                "bookingEndTime": {
                    "__datatype__": "timestamp",
                    "value": {
                        "_seconds": 1696436400,
                        "_nanoseconds": 0
                    }
                },
                "paymentType": "strip",
                "duration": "6",
                "taxList": [
                    {
                        "country": "India",
                        "isFix": false,
                        "name": "CGST",
                        "active": true,
                        "id": "ShCm25BFAnmzmVwNI49W",
                        "value": "5"
                    },
                    {
                        "country": "India",
                        "isFix": false,
                        "name": "SGST",
                        "active": true,
                        "id": "exgmyJGFjlScNtDB85vS",
                        "value": "5"
                    }
                ],
                "createdAt": {
                    "__datatype__": "timestamp",
                    "value": {
                        "_seconds": 1696414854,
                        "_nanoseconds": 639782000
                    }
                },
                "checkIn": {
                    "__datatype__": "timestamp",
                    "value": {
                        "_seconds": 1696416248,
                        "_nanoseconds": 723752000
                    }
                },
                "customerId": "4nToQ4UX8hO3MJacKpveBeSx15p2",
                "bookingDate": {
                    "__datatype__": "timestamp",
                    "value": {
                        "_seconds": 1696357800,
                        "_nanoseconds": 0
                    }
                },
                "id": "2f901c0c-2d01-4e6b-aad3-6b06f1996e7e",
                "parkingDetails": {
                    "likedUser": [],
                    "images": [
                        "https://firebasestorage.googleapis.com/v0/b/parkeasy-59364.appspot.com/o/parkingImages%2FZmPcXSE2iBhKPHSwcDijiR9PcG03%2F20231001_171620.jpg?alt=media&token=a0d19fd5-fa25-4bdf-9095-1870e4618b52"
                    ],
                    "parkingType": "2",
                    "address": "A/8,Aditya Complex,, Opp Aashtha Square,Near Kapodra-Utran Bridge,, Utran, Uttran, Surat, Gujarat 394105, India",
                    "active": true,
                    "ownerId": "ZmPcXSE2iBhKPHSwcDijiR9PcG03",
                    "parkingName": "SMC Pay & Park",
                    "parkingSpace": "50",
                    "perHrRate": "16",
                    "reviewSum": "0.0",
                    "phoneNumber": "7069585858",
                    "reviewCount": "0.0",
                    "countryCode": "+91",
                    "startTime": "3:00 PM",
                    "location": {
                        "latitude": 21.228591959261124,
                        "longitude": 72.866235896945
                    },
                    "id": "4d754dd8-fbfb-4c02-ba1a-a7e85a4e0461",
                    "endTime": "8:00 PM",
                    "position": {
                        "geohash": "tegbf0e9d",
                        "geopoint": {
                            "__datatype__": "geopoint",
                            "value": {
                                "_latitude": 21.228591959261124,
                                "_longitude": 72.866235896945
                            }
                        }
                    },
                    "facilities": [
                        {
                            "image": "https://firebasestorage.googleapis.com/v0/b/parkeasy-59364.appspot.com/o/facilities%2Fhttps%3A%2Ffirebasestorage.googleapis.com%2Fv0%2Fb%2Fparkeasy-59364.appspot.com%2Fo%2Ffacilities%252FVector%2520(2).png%3Falt%3Dmedia%26token%3Dfe5ce716-1657-4c60-948d-6d5957bfd164?alt=media&token=da49f3f7-3f4d-4c7f-a1e3-95fddb03fc0a",
                            "name": "Security Guard",
                            "active": true,
                            "id": "0XmB7RBTTBHgRv2vZ0tA"
                        },
                        {
                            "image": "https://firebasestorage.googleapis.com/v0/b/parkeasy-59364.appspot.com/o/facilities%2FLightning.png?alt=media&token=a22d6032-510d-4f6a-8904-2a9ee77eed35",
                            "name": "EV Charging",
                            "active": true,
                            "id": "NK9tv9lVfskEKiftWXzN"
                        },
                        {
                            "image": "https://firebasestorage.googleapis.com/v0/b/parkeasy-59364.appspot.com/o/facilities%2FVector%20(2).png?alt=media&token=e1728a6d-adda-4d01-ab35-916e5e2313bc",
                            "name": "Rooftop",
                            "active": true,
                            "id": "k5VOJJ2jRxWTswzLUUwx"
                        }
                    ]
                },
                "checkOut": {
                    "__datatype__": "timestamp",
                    "value": {
                        "_seconds": 1696417085,
                        "_nanoseconds": 793883000
                    }
                },
                "status": "completed",
                "__collections__": {}
            },
            "300bf2a6-16a6-4a5a-afa7-e45f6af838a7": {
                "paymentCompleted": true,
                "coupon": {
                    "minAmount": null,
                    "amount": null,
                    "code": null,
                    "isFix": null,
                    "active": null,
                    "id": null,
                    "isPrivate": null,
                    "title": null,
                    "expireAt": null
                },
                "parkingId": "59fe0ec2-881d-4b34-afc5-4fcadf6f4456",
                "bookingStartTime": {
                    "__datatype__": "timestamp",
                    "value": {
                        "_seconds": 1696336200,
                        "_nanoseconds": 0
                    }
                },
                "subTotal": "60.0",
                "numberPlate": "BH21",
                "adminCommission": {
                    "isFix": false,
                    "active": true,
                    "value": "20"
                },
                "bookingEndTime": {
                    "__datatype__": "timestamp",
                    "value": {
                        "_seconds": 1696357800,
                        "_nanoseconds": 0
                    }
                },
                "paymentType": "strip",
                "duration": "6",
                "taxList": [
                    {
                        "country": "India",
                        "isFix": false,
                        "name": "CGST",
                        "active": true,
                        "id": "ShCm25BFAnmzmVwNI49W",
                        "value": "5"
                    },
                    {
                        "country": "India",
                        "isFix": false,
                        "name": "SGST",
                        "active": true,
                        "id": "exgmyJGFjlScNtDB85vS",
                        "value": "5"
                    }
                ],
                "createdAt": {
                    "__datatype__": "timestamp",
                    "value": {
                        "_seconds": 1696336046,
                        "_nanoseconds": 398347000
                    }
                },
                "checkIn": {
                    "__datatype__": "timestamp",
                    "value": {
                        "_seconds": 1696336161,
                        "_nanoseconds": 627840000
                    }
                },
                "customerId": "4nToQ4UX8hO3MJacKpveBeSx15p2",
                "bookingDate": {
                    "__datatype__": "timestamp",
                    "value": {
                        "_seconds": 1696271400,
                        "_nanoseconds": 0
                    }
                },
                "id": "300bf2a6-16a6-4a5a-afa7-e45f6af838a7",
                "parkingDetails": {
                    "likedUser": [],
                    "images": [
                        "https://firebasestorage.googleapis.com/v0/b/parkeasy-59364.appspot.com/o/parkingImages%2Fgl44xPeuCDPowwAK3tRiXnQBisK2%2F68e476fe6fa32347063204bfc57a4766.jpg?alt=media&token=201fa4fa-2e5a-49fb-b00a-01228ccedeac",
                        "https://firebasestorage.googleapis.com/v0/b/parkeasy-59364.appspot.com/o/parkingImages%2Fgl44xPeuCDPowwAK3tRiXnQBisK2%2F1ad05d0694d95af6c2dc44a95abb07a3.jpg?alt=media&token=1a7aca96-c7e0-44f4-860c-b61dc97ee86e",
                        "https://firebasestorage.googleapis.com/v0/b/parkeasy-59364.appspot.com/o/parkingImages%2Fgl44xPeuCDPowwAK3tRiXnQBisK2%2F84923afe50af9b6a1941d63c0678b1a7.jpg?alt=media&token=639f4f8b-9d27-45eb-b53b-8fef75cb5ef5"
                    ],
                    "parkingType": "2",
                    "address": "101, Laxmi Nagar, Udhana, Surat, Gujarat 396010, India",
                    "active": true,
                    "ownerId": "gl44xPeuCDPowwAK3tRiXnQBisK2",
                    "parkingName": "Devani parking ",
                    "parkingSpace": "40",
                    "perHrRate": "10",
                    "reviewSum": "0.0",
                    "phoneNumber": "123456789",
                    "reviewCount": "0.0",
                    "countryCode": "+91",
                    "startTime": "5:48 PM",
                    "location": {
                        "latitude": 21.1702401,
                        "longitude": 72.83106070000001
                    },
                    "id": "59fe0ec2-881d-4b34-afc5-4fcadf6f4456",
                    "endTime": "5:48 PM",
                    "position": {
                        "geohash": "tegb3mcvw",
                        "geopoint": {
                            "__datatype__": "geopoint",
                            "value": {
                                "_latitude": 21.1702401,
                                "_longitude": 72.83106070000001
                            }
                        }
                    },
                    "facilities": [
                        {
                            "image": "https://firebasestorage.googleapis.com/v0/b/parkeasy-59364.appspot.com/o/facilities%2FLightning.png?alt=media&token=a22d6032-510d-4f6a-8904-2a9ee77eed35",
                            "name": "EV Charging",
                            "active": true,
                            "id": "NK9tv9lVfskEKiftWXzN"
                        },
                        {
                            "image": "https://firebasestorage.googleapis.com/v0/b/parkeasy-59364.appspot.com/o/facilities%2FVector%20(2).png?alt=media&token=e1728a6d-adda-4d01-ab35-916e5e2313bc",
                            "name": "Rooftop",
                            "active": true,
                            "id": "k5VOJJ2jRxWTswzLUUwx"
                        },
                        {
                            "image": "https://firebasestorage.googleapis.com/v0/b/parkeasy-59364.appspot.com/o/facilities%2Fhttps%3A%2Ffirebasestorage.googleapis.com%2Fv0%2Fb%2Fparkeasy-59364.appspot.com%2Fo%2Ffacilities%252FVector%2520(2).png%3Falt%3Dmedia%26token%3Dfe5ce716-1657-4c60-948d-6d5957bfd164?alt=media&token=da49f3f7-3f4d-4c7f-a1e3-95fddb03fc0a",
                            "name": "Security Guard",
                            "active": true,
                            "id": "0XmB7RBTTBHgRv2vZ0tA"
                        }
                    ]
                },
                "checkOut": {
                    "__datatype__": "timestamp",
                    "value": {
                        "_seconds": 1696336323,
                        "_nanoseconds": 949332000
                    }
                },
                "status": "completed",
                "__collections__": {}
            },
            "74809879-6a07-4145-b4a5-a8e904621f18": {
                "paymentCompleted": true,
                "coupon": {
                    "minAmount": null,
                    "amount": null,
                    "code": null,
                    "isFix": null,
                    "active": null,
                    "id": null,
                    "isPrivate": null,
                    "title": null,
                    "expireAt": null
                },
                "parkingId": "59fe0ec2-881d-4b34-afc5-4fcadf6f4456",
                "bookingStartTime": {
                    "__datatype__": "timestamp",
                    "value": {
                        "_seconds": 1696415940,
                        "_nanoseconds": 0
                    }
                },
                "subTotal": "50.0",
                "numberPlate": "GJ",
                "adminCommission": {
                    "isFix": false,
                    "active": true,
                    "value": "20"
                },
                "bookingEndTime": {
                    "__datatype__": "timestamp",
                    "value": {
                        "_seconds": 1696433940,
                        "_nanoseconds": 0
                    }
                },
                "paymentType": "strip",
                "duration": "5",
                "taxList": [
                    {
                        "country": "India",
                        "isFix": false,
                        "name": "CGST",
                        "active": true,
                        "id": "ShCm25BFAnmzmVwNI49W",
                        "value": "5"
                    },
                    {
                        "country": "India",
                        "isFix": false,
                        "name": "SGST",
                        "active": true,
                        "id": "exgmyJGFjlScNtDB85vS",
                        "value": "5"
                    }
                ],
                "createdAt": {
                    "__datatype__": "timestamp",
                    "value": {
                        "_seconds": 1696415970,
                        "_nanoseconds": 737617000
                    }
                },
                "checkIn": null,
                "customerId": "4nToQ4UX8hO3MJacKpveBeSx15p2",
                "bookingDate": {
                    "__datatype__": "timestamp",
                    "value": {
                        "_seconds": 1696357800,
                        "_nanoseconds": 0
                    }
                },
                "id": "74809879-6a07-4145-b4a5-a8e904621f18",
                "parkingDetails": {
                    "likedUser": [],
                    "images": [
                        "https://firebasestorage.googleapis.com/v0/b/parkeasy-59364.appspot.com/o/parkingImages%2Fgl44xPeuCDPowwAK3tRiXnQBisK2%2F68e476fe6fa32347063204bfc57a4766.jpg?alt=media&token=201fa4fa-2e5a-49fb-b00a-01228ccedeac",
                        "https://firebasestorage.googleapis.com/v0/b/parkeasy-59364.appspot.com/o/parkingImages%2Fgl44xPeuCDPowwAK3tRiXnQBisK2%2F1ad05d0694d95af6c2dc44a95abb07a3.jpg?alt=media&token=1a7aca96-c7e0-44f4-860c-b61dc97ee86e",
                        "https://firebasestorage.googleapis.com/v0/b/parkeasy-59364.appspot.com/o/parkingImages%2Fgl44xPeuCDPowwAK3tRiXnQBisK2%2F84923afe50af9b6a1941d63c0678b1a7.jpg?alt=media&token=639f4f8b-9d27-45eb-b53b-8fef75cb5ef5"
                    ],
                    "parkingType": "2",
                    "address": "101, Laxmi Nagar, Udhana, Surat, Gujarat 396010, India",
                    "description": "",
                    "active": true,
                    "ownerId": "gl44xPeuCDPowwAK3tRiXnQBisK2",
                    "parkingName": "Devani parking ",
                    "parkingSpace": "40",
                    "perHrRate": "10",
                    "reviewSum": "5.0",
                    "phoneNumber": "123456789",
                    "reviewCount": "1.0",
                    "countryCode": "+91",
                    "startTime": "5:48 PM",
                    "location": {
                        "latitude": 21.1702401,
                        "longitude": 72.83106070000001
                    },
                    "id": "59fe0ec2-881d-4b34-afc5-4fcadf6f4456",
                    "endTime": "5:48 PM",
                    "position": {
                        "geohash": "tegb3mcvw",
                        "geopoint": {
                            "__datatype__": "geopoint",
                            "value": {
                                "_latitude": 21.1702401,
                                "_longitude": 72.83106070000001
                            }
                        }
                    },
                    "facilities": [
                        {
                            "image": "https://firebasestorage.googleapis.com/v0/b/parkeasy-59364.appspot.com/o/facilities%2FLightning.png?alt=media&token=a22d6032-510d-4f6a-8904-2a9ee77eed35",
                            "name": "EV Charging",
                            "active": true,
                            "id": "NK9tv9lVfskEKiftWXzN"
                        },
                        {
                            "image": "https://firebasestorage.googleapis.com/v0/b/parkeasy-59364.appspot.com/o/facilities%2FVector%20(2).png?alt=media&token=e1728a6d-adda-4d01-ab35-916e5e2313bc",
                            "name": "Rooftop",
                            "active": true,
                            "id": "k5VOJJ2jRxWTswzLUUwx"
                        },
                        {
                            "image": "https://firebasestorage.googleapis.com/v0/b/parkeasy-59364.appspot.com/o/facilities%2Fhttps%3A%2Ffirebasestorage.googleapis.com%2Fv0%2Fb%2Fparkeasy-59364.appspot.com%2Fo%2Ffacilities%252FVector%2520(2).png%3Falt%3Dmedia%26token%3Dfe5ce716-1657-4c60-948d-6d5957bfd164?alt=media&token=da49f3f7-3f4d-4c7f-a1e3-95fddb03fc0a",
                            "name": "Security Guard",
                            "active": true,
                            "id": "0XmB7RBTTBHgRv2vZ0tA"
                        }
                    ]
                },
                "checkOut": null,
                "status": "placed",
                "__collections__": {}
            },
            "a4d5fcea-e32a-4cec-a69d-e3ec36448d82": {
                "paymentCompleted": true,
                "coupon": {
                    "minAmount": null,
                    "amount": null,
                    "code": null,
                    "isFix": null,
                    "active": null,
                    "id": null,
                    "isPrivate": null,
                    "title": null,
                    "expireAt": null
                },
                "parkingId": "59fe0ec2-881d-4b34-afc5-4fcadf6f4456",
                "bookingStartTime": {
                    "__datatype__": "timestamp",
                    "value": {
                        "_seconds": 1696595460,
                        "_nanoseconds": 0
                    }
                },
                "subTotal": "60.0",
                "numberPlate": "GJ052132",
                "adminCommission": {
                    "isFix": false,
                    "active": true,
                    "value": "20"
                },
                "bookingEndTime": {
                    "__datatype__": "timestamp",
                    "value": {
                        "_seconds": 1696617060,
                        "_nanoseconds": 0
                    }
                },
                "paymentType": "strip",
                "duration": "6",
                "taxList": [
                    {
                        "country": "India",
                        "isFix": false,
                        "name": "CGST",
                        "active": true,
                        "id": "ShCm25BFAnmzmVwNI49W",
                        "value": "5"
                    },
                    {
                        "country": "India",
                        "isFix": false,
                        "name": "SGST",
                        "active": true,
                        "id": "exgmyJGFjlScNtDB85vS",
                        "value": "5"
                    }
                ],
                "createdAt": {
                    "__datatype__": "timestamp",
                    "value": {
                        "_seconds": 1696595532,
                        "_nanoseconds": 972674000
                    }
                },
                "checkIn": null,
                "customerId": "4nToQ4UX8hO3MJacKpveBeSx15p2",
                "bookingDate": {
                    "__datatype__": "timestamp",
                    "value": {
                        "_seconds": 1696530600,
                        "_nanoseconds": 0
                    }
                },
                "id": "a4d5fcea-e32a-4cec-a69d-e3ec36448d82",
                "parkingDetails": {
                    "likedUser": [],
                    "images": [
                        "https://firebasestorage.googleapis.com/v0/b/parkeasy-59364.appspot.com/o/parkingImages%2Fgl44xPeuCDPowwAK3tRiXnQBisK2%2F68e476fe6fa32347063204bfc57a4766.jpg?alt=media&token=201fa4fa-2e5a-49fb-b00a-01228ccedeac",
                        "https://firebasestorage.googleapis.com/v0/b/parkeasy-59364.appspot.com/o/parkingImages%2Fgl44xPeuCDPowwAK3tRiXnQBisK2%2F1ad05d0694d95af6c2dc44a95abb07a3.jpg?alt=media&token=1a7aca96-c7e0-44f4-860c-b61dc97ee86e",
                        "https://firebasestorage.googleapis.com/v0/b/parkeasy-59364.appspot.com/o/parkingImages%2Fgl44xPeuCDPowwAK3tRiXnQBisK2%2F84923afe50af9b6a1941d63c0678b1a7.jpg?alt=media&token=639f4f8b-9d27-45eb-b53b-8fef75cb5ef5"
                    ],
                    "parkingType": "2",
                    "address": "101, Laxmi Nagar, Udhana, Surat, Gujarat 396010, India",
                    "description": "",
                    "active": true,
                    "ownerId": "gl44xPeuCDPowwAK3tRiXnQBisK2",
                    "parkingName": "Devani parking ",
                    "parkingSpace": "40",
                    "perHrRate": "10",
                    "reviewSum": "5.0",
                    "phoneNumber": "123456789",
                    "reviewCount": "1.0",
                    "countryCode": "+91",
                    "startTime": "5:48 PM",
                    "location": {
                        "latitude": 21.1702401,
                        "longitude": 72.83106070000001
                    },
                    "id": "59fe0ec2-881d-4b34-afc5-4fcadf6f4456",
                    "endTime": "5:48 PM",
                    "position": {
                        "geohash": "tegb3mcvw",
                        "geopoint": {
                            "__datatype__": "geopoint",
                            "value": {
                                "_latitude": 21.1702401,
                                "_longitude": 72.83106070000001
                            }
                        }
                    },
                    "facilities": [
                        {
                            "image": "https://firebasestorage.googleapis.com/v0/b/parkeasy-59364.appspot.com/o/facilities%2FLightning.png?alt=media&token=a22d6032-510d-4f6a-8904-2a9ee77eed35",
                            "name": "EV Charging",
                            "active": true,
                            "id": "NK9tv9lVfskEKiftWXzN"
                        },
                        {
                            "image": "https://firebasestorage.googleapis.com/v0/b/parkeasy-59364.appspot.com/o/facilities%2FVector%20(2).png?alt=media&token=e1728a6d-adda-4d01-ab35-916e5e2313bc",
                            "name": "Rooftop",
                            "active": true,
                            "id": "k5VOJJ2jRxWTswzLUUwx"
                        },
                        {
                            "image": "https://firebasestorage.googleapis.com/v0/b/parkeasy-59364.appspot.com/o/facilities%2Fhttps%3A%2Ffirebasestorage.googleapis.com%2Fv0%2Fb%2Fparkeasy-59364.appspot.com%2Fo%2Ffacilities%252FVector%2520(2).png%3Falt%3Dmedia%26token%3Dfe5ce716-1657-4c60-948d-6d5957bfd164?alt=media&token=da49f3f7-3f4d-4c7f-a1e3-95fddb03fc0a",
                            "name": "Security Guard",
                            "active": true,
                            "id": "0XmB7RBTTBHgRv2vZ0tA"
                        }
                    ]
                },
                "checkOut": null,
                "status": "placed",
                "__collections__": {}
            },
            "a950283d-1df6-40e1-bd76-c087c507ba8f": {
                "paymentCompleted": true,
                "coupon": {
                    "minAmount": null,
                    "amount": null,
                    "code": null,
                    "isFix": null,
                    "active": null,
                    "id": null,
                    "isPrivate": null,
                    "title": null,
                    "expireAt": null
                },
                "parkingId": "59fe0ec2-881d-4b34-afc5-4fcadf6f4456",
                "subTotal": "70.0",
                "bookingStartTime": {
                    "__datatype__": "timestamp",
                    "value": {
                        "_seconds": 1696910880,
                        "_nanoseconds": 0
                    }
                },
                "adminCommission": {
                    "isFix": false,
                    "active": true,
                    "value": "20"
                },
                "numberPlate": "GJ05",
                "bookingEndTime": {
                    "__datatype__": "timestamp",
                    "value": {
                        "_seconds": 1696936080,
                        "_nanoseconds": 0
                    }
                },
                "paymentType": "strip",
                "duration": "7",
                "createdAt": {
                    "__datatype__": "timestamp",
                    "value": {
                        "_seconds": 1696910913,
                        "_nanoseconds": 157011000
                    }
                },
                "taxList": [
                    {
                        "country": "India",
                        "isFix": false,
                        "name": "CGST",
                        "active": true,
                        "id": "ShCm25BFAnmzmVwNI49W",
                        "value": "5"
                    },
                    {
                        "country": "India",
                        "isFix": false,
                        "name": "SGST",
                        "active": true,
                        "id": "exgmyJGFjlScNtDB85vS",
                        "value": "5"
                    }
                ],
                "checkIn": null,
                "customerId": "4nToQ4UX8hO3MJacKpveBeSx15p2",
                "bookingDate": {
                    "__datatype__": "timestamp",
                    "value": {
                        "_seconds": 1696876200,
                        "_nanoseconds": 0
                    }
                },
                "id": "a950283d-1df6-40e1-bd76-c087c507ba8f",
                "parkingDetails": {
                    "likedUser": [],
                    "images": [
                        "https://firebasestorage.googleapis.com/v0/b/parkeasy-59364.appspot.com/o/parkingImages%2Fgl44xPeuCDPowwAK3tRiXnQBisK2%2F68e476fe6fa32347063204bfc57a4766.jpg?alt=media&token=201fa4fa-2e5a-49fb-b00a-01228ccedeac",
                        "https://firebasestorage.googleapis.com/v0/b/parkeasy-59364.appspot.com/o/parkingImages%2Fgl44xPeuCDPowwAK3tRiXnQBisK2%2F1ad05d0694d95af6c2dc44a95abb07a3.jpg?alt=media&token=1a7aca96-c7e0-44f4-860c-b61dc97ee86e",
                        "https://firebasestorage.googleapis.com/v0/b/parkeasy-59364.appspot.com/o/parkingImages%2Fgl44xPeuCDPowwAK3tRiXnQBisK2%2F84923afe50af9b6a1941d63c0678b1a7.jpg?alt=media&token=639f4f8b-9d27-45eb-b53b-8fef75cb5ef5"
                    ],
                    "parkingType": "2",
                    "address": "101, Laxmi Nagar, Udhana, Surat, Gujarat 396010, India",
                    "description": "",
                    "active": true,
                    "ownerId": "gl44xPeuCDPowwAK3tRiXnQBisK2",
                    "parkingSpace": "40",
                    "parkingName": "Unity parking ",
                    "perHrRate": "10",
                    "reviewSum": "5.0",
                    "phoneNumber": "123456789",
                    "reviewCount": "1.0",
                    "countryCode": "+91",
                    "startTime": "5:48 PM",
                    "location": {
                        "latitude": 21.1702401,
                        "longitude": 72.83106070000001
                    },
                    "position": {
                        "geohash": "tegb3mcvw",
                        "geopoint": {
                            "__datatype__": "geopoint",
                            "value": {
                                "_latitude": 21.1702401,
                                "_longitude": 72.83106070000001
                            }
                        }
                    },
                    "id": "59fe0ec2-881d-4b34-afc5-4fcadf6f4456",
                    "endTime": "5:48 PM",
                    "facilities": [
                        {
                            "image": "https://firebasestorage.googleapis.com/v0/b/parkeasy-59364.appspot.com/o/facilities%2FLightning.png?alt=media&token=a22d6032-510d-4f6a-8904-2a9ee77eed35",
                            "name": "EV Charging",
                            "active": true,
                            "id": "NK9tv9lVfskEKiftWXzN"
                        },
                        {
                            "image": "https://firebasestorage.googleapis.com/v0/b/parkeasy-59364.appspot.com/o/facilities%2FVector%20(2).png?alt=media&token=e1728a6d-adda-4d01-ab35-916e5e2313bc",
                            "name": "Rooftop",
                            "active": true,
                            "id": "k5VOJJ2jRxWTswzLUUwx"
                        },
                        {
                            "image": "https://firebasestorage.googleapis.com/v0/b/parkeasy-59364.appspot.com/o/facilities%2Fhttps%3A%2Ffirebasestorage.googleapis.com%2Fv0%2Fb%2Fparkeasy-59364.appspot.com%2Fo%2Ffacilities%252FVector%2520(2).png%3Falt%3Dmedia%26token%3Dfe5ce716-1657-4c60-948d-6d5957bfd164?alt=media&token=da49f3f7-3f4d-4c7f-a1e3-95fddb03fc0a",
                            "name": "Security Guard",
                            "active": true,
                            "id": "0XmB7RBTTBHgRv2vZ0tA"
                        }
                    ]
                },
                "checkOut": null,
                "status": "placed",
                "__collections__": {}
            }
        },
        "country_tax": {
            "ShCm25BFAnmzmVwNI49W": {
                "country": "India",
                "isFix": false,
                "name": "CGST",
                "id": "ShCm25BFAnmzmVwNI49W",
                "active": true,
                "value": "5",
                "__collections__": {}
            },
            "exgmyJGFjlScNtDB85vS": {
                "country": "India",
                "isFix": false,
                "name": "SGST",
                "id": "exgmyJGFjlScNtDB85vS",
                "value": "5",
                "active": true,
                "__collections__": {}
            },
            "fhtHOZAfajZeWowrFtv4": {
                "isFix": false,
                "name": "GST",
                "active": true,
                "id": "fhtHOZAfajZeWowrFtv4",
                "value": "10",
                "country": "Angola",
                "__collections__": {}
            }
        },
        "coupon": {
            "lbT5mxk3Hh3b5ZXDbrfA": {
                "minAmount": "100",
                "code": "PARK5OFF",
                "id": "lbT5mxk3Hh3b5ZXDbrfA",
                "title": "5% off your next reservation",
                "amount": "5",
                "isPrivate": false,
                "expireAt": {
                    "__datatype__": "timestamp",
                    "value": {
                        "_seconds": 1698206297,
                        "_nanoseconds": 584000000
                    }
                },
                "isFix": true,
                "active": true,
                "__collections__": {}
            }
        },
        "currencies": {
            "QeFYvwu4iaQWWkKG0Heq": {
                "createdAt": {
                    "__datatype__": "timestamp",
                    "value": {
                        "_seconds": 1695126413,
                        "_nanoseconds": 65000000
                    }
                },
                "symbol": "$",
                "name": "Dollar",
                "id": "QeFYvwu4iaQWWkKG0Heq",
                "symbolAtRight": false,
                "decimalDigits": "3",
                "active": false,
                "__collections__": {}
            },
            "ePcR8rXkHponDQQ944TO": {
                "createdAt": {
                    "__datatype__": "timestamp",
                    "value": {
                        "_seconds": 1693639712,
                        "_nanoseconds": 524000000
                    }
                },
                "symbol": "₹",
                "name": "Rupees",
                "id": "ePcR8rXkHponDQQ944TO",
                "decimalDigits": "2",
                "active": true,
                "symbolAtRight": false,
                "__collections__": {}
            }
        },
    
        "facilities": {
            "0GwlIrZbTA2qkBALbwCv": {
                "id": "0GwlIrZbTA2qkBALbwCv",
                "name": "Camera Security",
                "image": "https://firebasestorage.googleapis.com/v0/b/parkeasy-59364.appspot.com/o/facilities%2FVector.png?alt=media&token=062f80a1-4da6-4d91-b200-685ce171cba7",
                "active": false,
                "__collections__": {}
            },
            "0XmB7RBTTBHgRv2vZ0tA": {
                "active": true,
                "id": "0XmB7RBTTBHgRv2vZ0tA",
                "image": "https://firebasestorage.googleapis.com/v0/b/parkeasy-59364.appspot.com/o/facilities%2Fhttps%3A%2Ffirebasestorage.googleapis.com%2Fv0%2Fb%2Fparkeasy-59364.appspot.com%2Fo%2Ffacilities%252FVector%2520(2).png%3Falt%3Dmedia%26token%3Dfe5ce716-1657-4c60-948d-6d5957bfd164?alt=media&token=da49f3f7-3f4d-4c7f-a1e3-95fddb03fc0a",
                "name": "Security Guard",
                "__collections__": {}
            },
            "NK9tv9lVfskEKiftWXzN": {
                "image": "https://firebasestorage.googleapis.com/v0/b/parkeasy-59364.appspot.com/o/facilities%2FLightning.png?alt=media&token=a22d6032-510d-4f6a-8904-2a9ee77eed35",
                "name": "EV Charging",
                "active": true,
                "id": "NK9tv9lVfskEKiftWXzN",
                "__collections__": {}
            },
            "k5VOJJ2jRxWTswzLUUwx": {
                "active": true,
                "id": "k5VOJJ2jRxWTswzLUUwx",
                "name": "Rooftop",
                "image": "https://firebasestorage.googleapis.com/v0/b/parkeasy-59364.appspot.com/o/facilities%2FVector%20(2).png?alt=media&token=e1728a6d-adda-4d01-ab35-916e5e2313bc",
                "__collections__": {}
            }
        },
        "languages": {
            "C7xXcFomC9dLv5ENpDQa": {
                "name": "English",
                "id": "C7xXcFomC9dLv5ENpDQa",
                "code": "en",
                "active": true,
                "__collections__": {}
            },
            "TwKLBzSJ2GTQm1MpHut7": {
                "code": "ar",
                "name": "Arbic",
                "active": true,
                "id": "TwKLBzSJ2GTQm1MpHut7",
                "__collections__": {}
            },
            "ZW64jzIPD7j2EDFNu4sM": {
                "name": "Hindi",
                "id": "ZW64jzIPD7j2EDFNu4sM",
                "code": "hi",
                "active": true,
                "__collections__": {}
            }
        },
       
        "parkings": {
            "4d754dd8-fbfb-4c02-ba1a-a7e85a4e0461": {
                "likedUser": [],
                "images": [
                    "https://firebasestorage.googleapis.com/v0/b/parkeasy-59364.appspot.com/o/parkingImages%2FZmPcXSE2iBhKPHSwcDijiR9PcG03%2F20231001_171620.jpg?alt=media&token=a0d19fd5-fa25-4bdf-9095-1870e4618b52"
                ],
                "parkingType": "2",
                "address": "A/8,Aditya Complex,, Opp Aashtha Square,Near Kapodra-Utran Bridge,, Utran, Uttran, Surat, Gujarat 394105, India",
                "description": "",
                "active": true,
                "ownerId": "ZmPcXSE2iBhKPHSwcDijiR9PcG03",
                "parkingName": "SMC Pay & Park",
                "parkingSpace": "50",
                "perHrRate": "16",
                "reviewSum": "3.0",
                "phoneNumber": "7069585858",
                "reviewCount": "1.0",
                "countryCode": "+91",
                "startTime": "3:00 PM",
                "location": {
                    "latitude": 21.228591959261124,
                    "longitude": 72.866235896945
                },
                "id": "4d754dd8-fbfb-4c02-ba1a-a7e85a4e0461",
                "endTime": "8:00 PM",
                "position": {
                    "geohash": "tegbf0e9d",
                    "geopoint": {
                        "__datatype__": "geopoint",
                        "value": {
                            "_latitude": 21.228591959261124,
                            "_longitude": 72.866235896945
                        }
                    }
                },
                "facilities": [
                    {
                        "image": "https://firebasestorage.googleapis.com/v0/b/parkeasy-59364.appspot.com/o/facilities%2Fhttps%3A%2Ffirebasestorage.googleapis.com%2Fv0%2Fb%2Fparkeasy-59364.appspot.com%2Fo%2Ffacilities%252FVector%2520(2).png%3Falt%3Dmedia%26token%3Dfe5ce716-1657-4c60-948d-6d5957bfd164?alt=media&token=da49f3f7-3f4d-4c7f-a1e3-95fddb03fc0a",
                        "name": "Security Guard",
                        "active": true,
                        "id": "0XmB7RBTTBHgRv2vZ0tA"
                    },
                    {
                        "image": "https://firebasestorage.googleapis.com/v0/b/parkeasy-59364.appspot.com/o/facilities%2FLightning.png?alt=media&token=a22d6032-510d-4f6a-8904-2a9ee77eed35",
                        "name": "EV Charging",
                        "active": true,
                        "id": "NK9tv9lVfskEKiftWXzN"
                    },
                    {
                        "image": "https://firebasestorage.googleapis.com/v0/b/parkeasy-59364.appspot.com/o/facilities%2FVector%20(2).png?alt=media&token=e1728a6d-adda-4d01-ab35-916e5e2313bc",
                        "name": "Rooftop",
                        "active": true,
                        "id": "k5VOJJ2jRxWTswzLUUwx"
                    }
                ],
                "__collections__": {}
            },
            "59fe0ec2-881d-4b34-afc5-4fcadf6f4456": {
                "likedUser": [],
                "images": [
                    "https://firebasestorage.googleapis.com/v0/b/parkeasy-59364.appspot.com/o/parkingImages%2Fgl44xPeuCDPowwAK3tRiXnQBisK2%2F68e476fe6fa32347063204bfc57a4766.jpg?alt=media&token=201fa4fa-2e5a-49fb-b00a-01228ccedeac",
                    "https://firebasestorage.googleapis.com/v0/b/parkeasy-59364.appspot.com/o/parkingImages%2Fgl44xPeuCDPowwAK3tRiXnQBisK2%2F1ad05d0694d95af6c2dc44a95abb07a3.jpg?alt=media&token=1a7aca96-c7e0-44f4-860c-b61dc97ee86e",
                    "https://firebasestorage.googleapis.com/v0/b/parkeasy-59364.appspot.com/o/parkingImages%2Fgl44xPeuCDPowwAK3tRiXnQBisK2%2F84923afe50af9b6a1941d63c0678b1a7.jpg?alt=media&token=639f4f8b-9d27-45eb-b53b-8fef75cb5ef5"
                ],
                "parkingType": "2",
                "address": "101, Laxmi Nagar, Udhana, Surat, Gujarat 396010, India",
                "description": "",
                "active": true,
                "ownerId": "gl44xPeuCDPowwAK3tRiXnQBisK2",
                "parkingName": "Unity parking ",
                "parkingSpace": "40",
                "perHrRate": "10",
                "reviewSum": "5.0",
                "phoneNumber": "123456789",
                "reviewCount": "1.0",
                "countryCode": "+91",
                "startTime": "5:48 PM",
                "location": {
                    "latitude": 21.1702401,
                    "longitude": 72.83106070000001
                },
                "id": "59fe0ec2-881d-4b34-afc5-4fcadf6f4456",
                "endTime": "5:48 PM",
                "position": {
                    "geohash": "tegb3mcvw",
                    "geopoint": {
                        "__datatype__": "geopoint",
                        "value": {
                            "_latitude": 21.1702401,
                            "_longitude": 72.83106070000001
                        }
                    }
                },
                "facilities": [
                    {
                        "image": "https://firebasestorage.googleapis.com/v0/b/parkeasy-59364.appspot.com/o/facilities%2FLightning.png?alt=media&token=a22d6032-510d-4f6a-8904-2a9ee77eed35",
                        "name": "EV Charging",
                        "active": true,
                        "id": "NK9tv9lVfskEKiftWXzN"
                    },
                    {
                        "image": "https://firebasestorage.googleapis.com/v0/b/parkeasy-59364.appspot.com/o/facilities%2FVector%20(2).png?alt=media&token=e1728a6d-adda-4d01-ab35-916e5e2313bc",
                        "name": "Rooftop",
                        "active": true,
                        "id": "k5VOJJ2jRxWTswzLUUwx"
                    },
                    {
                        "image": "https://firebasestorage.googleapis.com/v0/b/parkeasy-59364.appspot.com/o/facilities%2Fhttps%3A%2Ffirebasestorage.googleapis.com%2Fv0%2Fb%2Fparkeasy-59364.appspot.com%2Fo%2Ffacilities%252FVector%2520(2).png%3Falt%3Dmedia%26token%3Dfe5ce716-1657-4c60-948d-6d5957bfd164?alt=media&token=da49f3f7-3f4d-4c7f-a1e3-95fddb03fc0a",
                        "name": "Security Guard",
                        "active": true,
                        "id": "0XmB7RBTTBHgRv2vZ0tA"
                    }
                ],
                "__collections__": {}
            }
        },
       
        "review": {
            "2f901c0c-2d01-4e6b-aad3-6b06f1996e7e": {
                "date": {
                    "__datatype__": "timestamp",
                    "value": {
                        "_seconds": 1696483511,
                        "_nanoseconds": 619945000
                    }
                },
                "rating": "3.0",
                "customerId": "4nToQ4UX8hO3MJacKpveBeSx15p2",
                "parkingId": "4d754dd8-fbfb-4c02-ba1a-a7e85a4e0461",
                "id": "2f901c0c-2d01-4e6b-aad3-6b06f1996e7e",
                "__collections__": {}
            },
            "300bf2a6-16a6-4a5a-afa7-e45f6af838a7": {
                "date": {
                    "__datatype__": "timestamp",
                    "value": {
                        "_seconds": 1696336454,
                        "_nanoseconds": 931747000
                    }
                },
                "rating": "5.0",
                "customerId": "4nToQ4UX8hO3MJacKpveBeSx15p2",
                "parkingId": "59fe0ec2-881d-4b34-afc5-4fcadf6f4456",
                "id": "300bf2a6-16a6-4a5a-afa7-e45f6af838a7",
                "__collections__": {}
            }
        },
        "settings": {
            "admin_commission": {
                "isFix": false,
                "value": "20",
                "active": true,
                "__collections__": {}
            },
            "constant": {
                "minimum_amount_deposit": "100",
                "appVersion": "1.0",
                "referralAmount": "100",
                "privacyPolicy": "https://elaynetech.com/privacy_policy.html",
                "supportURL": "https://elaynetech.com/privacy_policy.html",
                "termsAndConditions": "https://elaynetech.com/privacy_policy.html",
                "plateRecognizerApiToken": "",
                "supportEmail": "support@elaynetech.com",
                "phoneNumber": "9876543210",
                "googleMapKey": "",
                "notification_server_key": "",
                "minimum_amount_withdraw": "200",
                "radius": "5000",
                "__collections__": {}
            },
            "contact_us": {
                "Address": "052,xyz,india",
                "emailSubject": "parkeasy",
                "email": "parkeasy@gmail.com",
                "phoneNumber": "+919876543210",
                "__collections__": {}
            },
            "payment": {
                "paypal": {
                    "enable": true,
                    "name": "paypal",
                    "paypalSecret": "",
                    "isSandbox": true,
                    "paypalClient": ""
                },
                "strip": {
                    "clientpublishableKey": "",
                    "stripeSecret": "",
                    "enable": true,
                    "name": "strip",
                    "isSandbox": true
                },
                "cash": {
                    "enable": true,
                    "name": "cash"
                },
                "wallet": {
                    "enable": true,
                    "name": "wallet"
                },
                "__collections__": {}
            },
            "referral_setting": {
                "amount": "100",
                "__collections__": {}
            }
        }
    }
}